drug_name,mode-of-action,target_proteins,reference
ABT737,BCL2i,"BAD,BAK1,BAX,BBC3,BCL2,BCL2L1,BCL2L11,BCL2L2,BID,MCL1,MDM2",CHEMBL
ABT888_Veliparib,PARPi,"CYP2D6,PARP1,PARP2,PARP3,PARP4,TNKS,TNKS2",CHEMBL
AG014699_Rucaparib,PARPi,"AKT1,AKT2,AKT3,AURKA,AURKB,CDK1,CDK2,CDK5,CHEK1,CHEK2,CSNK1D,CSNK2A1,EPHA2,FGFR1,FLG,FLT4,GSK3B,INSR,IRAK4,KDR,MAPK1,MARK3,NEK2,PAK1,PAK4,PARP1,PARP2,PARP3,PARP4,PIM1,PLK1,PRKAA1,PRKCD,PRKCG,PRKCZ,PRKD2,ROCK1,ROCK2,RPS6KA3,RPS6KB1,SGK2,STK3,TNKS,TNKS2,YES1",CHEMBL
AZD4547,FGFRi,"ABL1,ABL2,ACAD10,ACTR2,ACTR3,ACVR1B,ACVR2B,ACVRL1,AKT1,AKT2,AKT3,ALK,ARAF,ATR,AURKA,AURKB,BCR,BMP2K,BMPR1A,BMPR1B,BRAF,CAMK2G,CDC7,CDK1,CDK12,CDK2,CDK4,CDK5,CDK6,CDK7,CDK9,CHD4,CHEK1,CIT,CLK2,CLK3,CSF1R,CSNK1D,CSNK1E,CSNK1G3,DCK,DDR1,DDR2,DDX3X,DDX6,EGFR,EIF2AK1,EPHA2,EPHA4,EPHA5,EPHA7,EPHB6,ERCC2,FES,FGFR1,FGFR2,FGFR3,FGFR4,FLT1,FLT3,GSK3B,IGF1R,IKBKE,INSR,IRAK1,IRAK4,JAK1,JAK3,KDR,LATS1,LCK,LYN,MAP2K1,MAP2K2,MAP3K1,MAP3K2,MAP3K3,MAP3K4,MAP3K5,MAP4K3,MAP4K4,MAPK1,MAPK10,MAPK14,MAPK15,MAPK3,MAPK8,MAPK9,MAPKAPK5,MARK3,MARK4,MCM4,MET,NAT10,NEK2,NLK,NTRK1,NTRK2,NTRK3,PAK4,PDGFRB,PIM1,PIM2,PKMYT1,PLK1,PLK4,PRKAA1,PRKAG2,PRKAR2A,PRKCD,PRKCI,PRKCQ,PRKCZ,PRKD2,PTK2B,PTK6,RAN,RET,RIPK1,ROCK1,ROCK2,RPS6KA1,RPS6KA3,RPS6KA4,RPS6KA5,RPS6KA6,RPS6KB1,SMC1A,SMC2,SRC,STK11,STK16,STK3,STK4,STRADA,SYK,TAOK1,TAOK2,TAOK3,TGFBR1,TGFBR2,TNIK,TOP2A,TOP2B,TYK2,WEE1,YES1",CHEMBL
AZD6738,ATRi,"ATM,ATR,CYP2D6,MTOR,PIK3C2G,PIK3CA,PRKDC",CHEMBL
Arabinofuranoside_Cytarabine,Cytostatic_Antimetabolite,"ABCB1,ABCB11,ADORA2A,AGTR2,APEX1,ATAD5,BDKRB2,BLM,CBFB,CYP2D6,DCK,DNMT1,EGFR,ELANE,ERBB2,ESR1,ESR2,FLT1,HMGCR,KMT2A,LCK,LMNA,MAPK1,MAPK14,MAPK3,MDM2,MEN1,MTOR,NCOA1,NCOA3,NFE2L2,NFKB1,OPRK1,PIN1,POLA1,POLB,POLD1,POLE,POLI,PTPRC,RRM1,RUNX1,SIRT1,SRC,TDP1,TK1,USP1",CHEMBL
Azacytidine,Cytostatic_Antimetabolite,"ADORA2A,AGTR2,APEX1,AR,ATAD5,BDKRB2,BLM,CYP2D6,DNMT1,DNMT3A,EGFR,ELANE,ERBB2,ESR1,ESR2,FLT1,FLT3,HMGCR,IDH1,KAT2A,LCK,LMNA,MAPK1,MAPK14,MAPK3,MTOR,NFE2L2,NFKB1,OPRK1,PPARG,PTPRC,RORC,RXRA,SMAD3,TDP1,TP53,UHRF1,VDR",CHEMBL
BAY1895344,ATRi,"ATM,ATR,CYP2D6,MTOR,PIK3CB,PRKDC",CHEMBL
BI2536,PLK1i,"ABL1,ABL2,ACAD10,ACTR2,ACTR3,ACVR1B,ACVR2A,ACVR2B,ACVRL1,AKT1,AKT2,AKT3,ALK,ARAF,AURKA,AURKB,AXL,BCR,BMP2K,BMPR1A,BMPR1B,BRAF,BRD4,BRSK2,CAMK2A,CAMK2G,CAMKK1,CASK,CDC7,CDK1,CDK12,CDK2,CDK4,CDK5,CDK6,CDK7,CDK8,CDK9,CDKL2,CHD4,CHEK1,CHEK2,CIT,CLK2,CLK3,CSF1R,CSNK1A1L,CSNK1D,CSNK1E,CSNK1G3,CSNK2A1,DAPK1,DCK,DDR1,DDR2,DDX3X,DDX42,DDX6,DMPK,DSTYK,DYRK2,EGFR,EIF2AK1,EIF2AK4,EPHA2,EPHA3,EPHA4,EPHA5,EPHA6,EPHA7,EPHB1,EPHB6,ERBB2,ERBB3,ERBB4,ERCC2,FES,FGFR1,FGFR2,FGFR3,FGFR4,FLT1,FLT3,FLT4,GSK3B,HIPK2,IGF1R,IKBKE,INSR,INSRR,IRAK1,IRAK4,ITK,JAK1,JAK2,JAK3,KDR,KIT,LATS1,LATS2,LCK,LRRK2,LYN,MAP2K1,MAP2K2,MAP2K4,MAP2K7,MAP3K1,MAP3K13,MAP3K2,MAP3K3,MAP3K4,MAP3K5,MAP3K7,MAP4K3,MAP4K4,MAPK1,MAPK10,MAPK14,MAPK15,MAPK3,MAPK8,MAPK9,MAPKAPK5,MARK3,MARK4,MAST1,MATK,MCM4,MET,MTOR,MYO3B,NAT10,NEK2,NEK4,NEK6,NEK7,NLK,NTRK1,NTRK2,NTRK3,PAK1,PAK3,PAK4,PBK,PDGFRA,PDGFRB,PDPK1,PIK3C2B,PIK3C2G,PIK3CA,PIK3CB,PIK3CD,PIK3CG,PIM1,PIM2,PIM3,PIP4K2B,PIP5K1A,PKMYT1,PLK1,PLK4,PRKAA1,PRKAA2,PRKAG2,PRKAR2A,PRKCD,PRKCG,PRKCI,PRKCQ,PRKCZ,PRKD1,PRKD2,PTK2B,PTK6,RAF1,RAN,RET,RIOK3,RIPK1,ROCK1,ROCK2,ROS1,RPS6KA1,RPS6KA3,RPS6KA4,RPS6KA5,RPS6KA6,RPS6KB1,SGK2,SGK3,SMC1A,SMC2,SRC,SRPK2,STK11,STK16,STK3,STK4,STRADA,SYK,TAF1,TAOK1,TAOK2,TAOK3,TGFBR1,TGFBR2,TLK1,TLK2,TNIK,TOP2A,TOP2B,TTK,TYK2,TYRO3,WEE1,YES1",CHEMBL
BML284,WNTi,"WNT1,WNT11,WNT16,WNT2,WNT3,WNT4,WNT6",CHEMBL
BMN673_Talazoparib,PARPi,"CYP2D6,PARP1,PARP2,PARP3,PARP4,TNKS,TNKS2",CHEMBL
BMXIN1,BMXi,JAK3,CHEMBL
Bleomycin,Cytostatic_Antibiotic,"ADORA2A,AGTR2,BDKRB2,CYP2D6,EGFR,ELANE,ERBB2,ESR1,ESR2,FLT1,HMGCR,LCK,MAPK1,MAPK14,MAPK3,OPRK1,PTPRC",CHEMBL
Bortezomib,Proteasomei,"ABCB11,ADAM17,APH1A,APH1B,BAX,BCL2,CASP2,CASP3,CASP7,CASP8,CASP9,CTSC,ELANE,EPAS1,FLT3,HIF1A,MME,MMP2,MMP7,NCSTN,NFKB1,NFKB2,PLAT,PRSS1,PSEN1,PSEN2,PSENEN,PSMB3,PSMD11,PSMD9,RELA,TDP1,TP53",CHEMBL
CPI0610,BETi,BRD4,CHEMBL
Carboplatin,Cytostatic_Platinumanalogue,"ADORA2A,AGTR2,APEX1,BDKRB2,CASP7,CBFB,CYP2D6,EGFR,ELANE,ERBB2,ESR1,ESR2,FLT1,HMGCR,KAT2A,KMT2A,LCK,MAPK1,MAPK14,MAPK3,MEN1,OPRK1,POLK,PTPRC,RUNX1,TDP1,USP1,VDR",CHEMBL
Carfilzomib,Proteasomei,"CASP3,CYP2D6,ESR1,PRSS1,PSMB3,PSMD11,PSMD9,TDP1,VHL",CHEMBL
Ceritinib,ALKi,"ABCB1,ABL1,ABL2,ACAD10,ACTR2,ACTR3,ACVR1B,ACVR2B,AKT1,AKT2,AKT3,ALK,ARAF,ATR,AURKA,AURKB,BCR,BMP2K,BMPR1A,BMPR1B,BRAF,CAMK2G,CDK1,CDK12,CDK2,CDK4,CDK5,CDK6,CDK7,CDK9,CHD4,CHEK1,CIT,CLK2,CSNK1D,CSNK1E,CSNK1G3,DCK,DDR1,DDR2,DDX3X,DDX42,DDX6,EGFR,EIF2AK1,EML4,EPHA2,EPHA4,EPHA5,EPHA7,EPHB6,ERCC2,ETV6,FES,FGFR1,FGFR2,FGFR3,FGFR4,FLT3,GSK3B,IGF1R,IKBKE,INSR,IRAK1,IRAK4,JAK1,JAK2,JAK3,KDR,KIT,LATS1,LCK,LYN,MAP2K1,MAP2K2,MAP3K1,MAP3K2,MAP3K3,MAP3K4,MAP3K5,MAP4K3,MAP4K4,MAPK1,MAPK10,MAPK14,MAPK15,MAPK3,MAPK8,MAPK9,MAPKAPK5,MARK3,MARK4,MCM4,MET,NAT10,NEK2,NEK7,NLK,NPM1,NTRK1,NTRK2,PAK4,PDGFRA,PDGFRB,PEBP1,PIM1,PIM2,PKMYT1,PLK1,PLK4,PRKAA1,PRKAG2,PRKAR2A,PRKCD,PRKCI,PRKCQ,PRKCZ,PRKD2,PTK2B,PTK6,RAN,RET,ROCK1,ROCK2,ROS1,RPS6KA1,RPS6KA3,RPS6KA4,RPS6KA5,RPS6KA6,RPS6KB1,SMC1A,SMC2,SRC,STAT3,STK11,STK16,STK3,STK4,STRADA,SYK,TAOK1,TAOK2,TAOK3,TGFBR1,TGFBR2,TNIK,TOP2A,TOP2B,TTK,TYK2,WEE1,YES1",CHEMBL
Cisplatin,Cytostatic_Platinumanalogue,"ABCB1,ADORA2A,AGTR2,APEX1,AR,BDKRB2,CBFB,CDK2,CDK4,CYP2D6,EGFR,ELANE,ERBB2,ESR1,ESR2,FEN1,FLT1,HMGCR,KAT2A,LCK,MAPK1,MAPK14,MAPK3,NFE2L2,OPRK1,PIN1,POLI,POLK,PTPRC,RECQL,RUNX1,RXRA,TDP1,USP1,VDR",CHEMBL
Crizotinib,METi_ALKi,"ABL1,ABL2,ACAD10,ACTR2,ACTR3,ACVR1B,ACVR2A,ACVR2B,ACVRL1,AKT1,AKT2,AKT3,ALK,ARAF,AURKA,AURKB,AXL,BCR,BMP2K,BMPR1A,BMPR1B,BRAF,BRSK2,CAMK2A,CAMK2G,CAMKK1,CASK,CCNB1,CDC7,CDK1,CDK12,CDK2,CDK4,CDK5,CDK6,CDK7,CDK8,CDK9,CDKL2,CHD4,CHEK1,CHEK2,CIT,CLK2,CLK3,CSF1R,CSNK1A1L,CSNK1D,CSNK1E,CSNK1G3,CSNK2A1,DAPK1,DCK,DDR1,DDR2,DDX3X,DDX42,DDX6,DMPK,DSTYK,DYRK2,EGFR,EIF2AK1,EIF2AK4,EML4,EPHA2,EPHA3,EPHA4,EPHA5,EPHA6,EPHA7,EPHB1,EPHB6,ERBB2,ERBB3,ERBB4,ERCC2,FES,FGFR1,FGFR2,FGFR3,FGFR4,FLT1,FLT3,FLT4,GSK3B,HIPK2,IGF1R,IKBKE,INPPL1,INSR,INSRR,IRAK1,IRAK4,ITK,JAK1,JAK2,JAK3,KDR,KIT,LATS1,LATS2,LCK,LRRK2,LYN,MAP2K1,MAP2K2,MAP2K4,MAP2K7,MAP3K1,MAP3K13,MAP3K2,MAP3K3,MAP3K4,MAP3K5,MAP3K7,MAP4K3,MAP4K4,MAPK1,MAPK10,MAPK14,MAPK15,MAPK3,MAPK8,MAPK9,MAPKAPK5,MARK3,MARK4,MAST1,MATK,MCM4,MET,MLKL,MST1,MTOR,MYO3B,NAT10,NEK2,NEK4,NEK6,NEK7,NEK8,NLK,NPM1,NTRK1,NTRK2,NTRK3,NUDT1,PAK1,PAK3,PAK4,PDGFRA,PDGFRB,PDPK1,PEBP1,PIK3C2B,PIK3C2G,PIK3CA,PIK3CB,PIK3CD,PIK3CG,PIM1,PIM2,PIM3,PIP4K2B,PIP5K1A,PKMYT1,PLK1,PLK4,PRKAA1,PRKAA2,PRKAG2,PRKAR2A,PRKCD,PRKCI,PRKCQ,PRKD1,PRKD2,PTK2B,PTK6,RAF1,RAN,RET,RIOK3,RIPK1,ROCK1,ROCK2,ROS1,RPS6KA1,RPS6KA3,RPS6KA4,RPS6KA5,RPS6KA6,RPS6KB1,SGK3,SMC1A,SMC2,SRC,SRPK2,STK11,STK16,STK3,STK4,STRADA,SYK,TAOK1,TAOK2,TAOK3,TGFBR1,TGFBR2,TLK1,TLK2,TNIK,TOP2A,TOP2B,TTK,TYK2,TYRO3,WEE1,YES1",CHEMBL
Dacarbazine,Cytostatic_Intercalator,"ABCB11,ADORA2A,AGTR2,BDKRB2,CYP2D6,EGFR,ELANE,ERBB2,ESR1,ESR2,FLT1,HMGCR,IDH1,LCK,LMNA,MAPK1,MAPK14,MAPK3,OPRK1,PAX8,PTPRC,TSHR",CHEMBL
Doxorubicin,TOP2i,"ABCB1,ABCB11,ABCG2,ADORA2A,AGTR2,APAF1,APEX1,AR,ATAD5,AURKA,BCL2,BCL2L1,BDKRB2,BLM,BRCA1,CYP2D6,DHFR,EGFR,ELANE,EPAS1,ERBB2,ERG,ESR1,ESR2,FANCD2,FEN1,FLT1,HDAC1,HDAC2,HDAC7,HDAC8,HIF1A,HMGCR,HSP90AA1,HSP90AB1,IDH1,KAT2A,KDR,KEAP1,KMT2A,LCK,MAPK1,MAPK14,MAPK3,MBNL1,MEN1,MMP2,NFE2L2,NFKB1,OPRK1,PAX8,PDGFRB,PIK3CA,PIK3R1,PLK1,POLB,POLH,POLI,POLK,PPARG,PPM1D,PRSS1,PTPRC,RAPGEF3,RECQL,RORC,RXRA,SMAD3,SNCA,STAT6,TDP1,TERT,TNF,TOP1,TOP2A,TOP2B,TOP3A,TP53,TUBA1A,TUBA4A,TUBB4B,USP1,VDR,WRN",CHEMBL
Duvelisib,PI3Ki,"PIK3CA,PIK3CB,PIK3CD,PIK3CG,PIK3R1",CHEMBL
Erlotinib,EGFRi,"ABCB1,ABCB11,ABCG2,ABL1,ABL2,ACAD10,ACTR2,ACTR3,ACVR1B,ACVR2A,ACVR2B,ACVRL1,AKT1,AKT2,AKT3,ALK,ARAF,ATR,AURKA,AURKB,AXL,BCR,BMP2K,BMPR1A,BMPR1B,BRAF,BRSK2,CAMK2A,CAMK2G,CAMKK1,CASK,CDC7,CDK1,CDK12,CDK2,CDK4,CDK5,CDK6,CDK7,CDK8,CDK9,CDKL2,CHD4,CHEK1,CHEK2,CIT,CLK2,CLK3,CSF1R,CSNK1A1L,CSNK1D,CSNK1E,CSNK1G3,CSNK2A1,DAPK1,DCK,DDR1,DDR2,DDX3X,DDX6,DMPK,DSTYK,DYRK2,EGFR,EIF2AK1,EIF2AK4,EPHA2,EPHA3,EPHA4,EPHA5,EPHA6,EPHA7,EPHB1,EPHB6,ERBB2,ERBB3,ERBB4,ERCC2,FES,FGFR1,FGFR2,FGFR3,FGFR4,FLT1,FLT3,FLT4,GSK3B,HDAC1,HDAC2,HDAC7,HDAC8,HIPK2,IGF1R,IKBKE,INSR,INSRR,IRAK1,IRAK4,ITK,JAK1,JAK2,JAK3,KDR,KIT,LATS1,LATS2,LCK,LMNA,LRRK2,LYN,MAP2K1,MAP2K2,MAP2K4,MAP2K7,MAP3K1,MAP3K13,MAP3K2,MAP3K3,MAP3K4,MAP3K5,MAP3K7,MAP4K3,MAP4K4,MAPK1,MAPK10,MAPK14,MAPK15,MAPK3,MAPK8,MAPK9,MAPKAPK5,MARK3,MARK4,MAST1,MATK,MCM4,MET,MTOR,MYO3B,MYT1,NAT10,NEK2,NEK4,NEK6,NEK7,NLK,NTRK1,NTRK2,NTRK3,PAK1,PAK3,PAK4,PBK,PDGFRA,PDGFRB,PDPK1,PEBP1,PIK3C2B,PIK3C2G,PIK3CA,PIK3CB,PIK3CD,PIK3CG,PIM1,PIM2,PIM3,PIP4K2B,PIP5K1A,PKMYT1,PLK1,PLK4,PRKAA1,PRKAA2,PRKAG2,PRKAR2A,PRKCD,PRKCG,PRKCI,PRKCQ,PRKCZ,PRKD1,PRKD2,PTK2B,PTK6,RAF1,RAN,RET,RIOK3,RIPK1,ROCK1,ROCK2,ROS1,RPS6KA1,RPS6KA3,RPS6KA4,RPS6KA5,RPS6KA6,RPS6KB1,SGK2,SGK3,SMC1A,SMC2,SRC,SRPK2,STK11,STK16,STK3,STK4,STRADA,SYK,TAOK1,TAOK2,TAOK3,TDP1,TGFBR1,TGFBR2,TLK1,TLK2,TNIK,TOP2A,TOP2B,TTK,TYK2,TYRO3,VRK1,WEE1,YES1",CHEMBL
Etoposide,TOP2i,"ABCB1,ABCB11,ABCG2,ADORA2A,AGTR2,ATM,BDKRB2,CASP3,CHEK1,CYP2D6,EGFR,ELANE,ERBB2,ESR1,ESR2,FLT1,HDAC1,HMGCR,LCK,MAPK1,MAPK14,MAPK3,MTOR,NCOA1,NCOA3,NFE2L2,OPRK1,POLI,PTPRC,TDP1,TOP1,TOP2A,TOP2B,TUBA1A",CHEMBL
Everolimus,mTORi,"ABCB11,ABL1,ABL2,ACAD10,ACTR2,ACTR3,ACVR1B,ACVR2B,AKT1,AKT2,AKT3,ARAF,AURKA,AURKB,BCR,BMP2K,BMPR1A,BMPR1B,BRAF,CAMK2G,CDC7,CDK1,CDK12,CDK2,CDK4,CDK5,CDK6,CDK7,CDK9,CHD4,CHEK1,CIT,CLK2,CLK3,CSNK1D,CSNK1E,CSNK1G3,DCK,DDR1,DDR2,DDX3X,DDX42,DDX6,EGFR,EIF2AK1,EPHA2,EPHA4,EPHA5,EPHA7,EPHB6,ERCC2,FES,FGFR1,FKBP1A,FLT3,GSK3B,IGF1R,IKBKE,INSR,IRAK1,IRAK4,JAK1,LATS1,LCK,LYN,MAP2K1,MAP2K2,MAP3K1,MAP3K2,MAP3K3,MAP3K4,MAP3K5,MAP4K3,MAP4K4,MAPK1,MAPK10,MAPK14,MAPK15,MAPK3,MAPK8,MAPK9,MARK3,MARK4,MCM4,MET,MLST8,MTOR,NAT10,NEK2,NEK7,NLK,NTRK1,PAK4,PDGFRB,PEBP1,PIM1,PKMYT1,PLK1,PLK4,PRKAA1,PRKAG2,PRKAR2A,PRKCD,PRKCI,PRKCQ,PRKD2,PTK2B,PTK6,RAN,RET,ROCK1,ROCK2,RPS6KA1,RPS6KA3,RPS6KA4,RPS6KA5,RPS6KA6,RPS6KB1,RPTOR,SMC1A,SMC2,SRC,STK11,STK16,STK3,STK4,STRADA,SYK,TAOK1,TAOK2,TAOK3,TDP1,TGFBR1,TGFBR2,TNIK,TOP2A,TOP2B,TTK,TYK2,WEE1,YES1",CHEMBL
Fluorouracil,Cytostatic_Antimetabolite,"ABCB11,ADORA2A,AGTR2,APEX1,ATAD5,BDKRB2,CTNNB1,CYP2D6,DTYMK,EGFR,ELANE,ERBB2,ESR1,ESR2,FEN1,FLT1,HMGCR,IDH1,LCK,LMNA,MAPK1,MAPK14,MAPK3,MBNL1,MTOR,NFE2L2,OPRK1,PIK3CA,PIK3R1,PTPRC,TDP1,TP53,TSHR,TYMS",CHEMBL
Formestane,Aromatasei,"ESR1,TDP1,YES1",CHEMBL
GAMMA,IR,"ABCB1,ABCB11,ADORA2A,AGTR2,AKT1,APEX1,APH1A,APH1B,AR,ATAD5,ATM,ATR,BDKRB2,BLM,BRCA1,CASP6,CBFB,CDK2,CREBBP,CYP2D6,DHFR,EGFR,ELANE,ERBB2,ERG,ESR1,ESR2,FDPS,FEN1,FLT1,GABBR2,GABRA6,GBA,GNAS,GSK3B,HDAC1,HDAC2,HDAC7,HDAC8,HMGCR,HRH4,HSD11B2,HSP90AA1,IDH1,KAT2A,KDM4A,KIF11,KMT2A,LCK,LMNA,MAPK1,MAPK14,MAPK3,MBNL1,MDM2,MEN1,MGMT,MMP2,MMP7,MTOR,NCSTN,NFE2L2,NFKB1,NOS2,NOS3,NR1H2,NTRK1,NUDT1,OPRK1,PDPK1,PHLPP1,PIN1,PLK1,POLB,POLH,POLI,POLK,PPARG,PRKAA1,PRKAA2,PRKAB1,PRKAG2,PRKDC,PSEN1,PSEN2,PSENEN,PTPRC,RELA,RET,RUNX1,RXRA,SMAD3,TDP1,TERT,TOP2A,TSHR,TUBA1A,TUBA4A,TUBB4B,USP1,VDR,WRN",CHEMBL
GDC0425,CHK1i,CHEK1,CHEMBL
GDC0941_Pictilisib,PI3Ki,"ABCB11,ABL1,ABL2,ACAD10,ACTR2,ACTR3,ACVR1B,ACVR2A,ACVR2B,ACVRL1,AKT1,AKT2,AKT3,ALK,ARAF,AURKA,AURKB,AXL,BCR,BMP2K,BMPR1A,BMPR1B,BRAF,BRSK2,CAMK2A,CAMK2G,CAMKK1,CASK,CDC7,CDK1,CDK12,CDK2,CDK4,CDK5,CDK6,CDK7,CDK8,CDK9,CDKL2,CHD4,CHEK1,CHEK2,CIT,CLK2,CLK3,CSF1R,CSNK1A1L,CSNK1D,CSNK1E,CSNK1G3,CSNK2A1,CYP2D6,DAPK1,DCK,DDR1,DDR2,DDX3X,DDX42,DDX6,DMPK,DSTYK,DYRK2,EGFR,EIF2AK1,EIF2AK4,EPHA2,EPHA3,EPHA4,EPHA5,EPHA6,EPHA7,EPHB1,EPHB6,ERBB2,ERBB3,ERBB4,ERCC2,FES,FGFR1,FGFR2,FGFR3,FGFR4,FLT1,FLT3,FLT4,GSK3B,HIPK2,IGF1R,IKBKE,INSR,INSRR,IRAK1,IRAK4,ITK,JAK1,JAK2,JAK3,KDR,KIT,LATS1,LATS2,LCK,LRRK2,LYN,MAP2K1,MAP2K2,MAP2K4,MAP2K7,MAP3K1,MAP3K13,MAP3K2,MAP3K3,MAP3K4,MAP3K5,MAP3K7,MAP4K3,MAP4K4,MAPK1,MAPK10,MAPK14,MAPK15,MAPK3,MAPK8,MAPK9,MAPKAPK5,MARK3,MARK4,MAST1,MATK,MCM4,MET,MTOR,MYO3B,NAT10,NEK2,NEK4,NEK6,NEK7,NLK,NTRK1,NTRK2,NTRK3,PAK1,PAK3,PAK4,PDGFRA,PDGFRB,PDPK1,PEBP1,PIK3C2B,PIK3C2G,PIK3C3,PIK3CA,PIK3CB,PIK3CD,PIK3CG,PIK3R1,PIK3R2,PIK3R3,PIM1,PIM2,PIM3,PIP4K2B,PIP5K1A,PKMYT1,PLK1,PLK4,PRKAA1,PRKAA2,PRKAG2,PRKAR2A,PRKCD,PRKCI,PRKCQ,PRKCZ,PRKD1,PRKD2,PRKDC,PTK2B,PTK6,RAF1,RAN,RET,RIOK3,RIPK1,ROCK1,ROCK2,ROS1,RPS6KA1,RPS6KA3,RPS6KA4,RPS6KA5,RPS6KA6,RPS6KB1,SGK3,SMC1A,SMC2,SRC,SRPK2,STK11,STK16,STK3,STK4,STRADA,SYK,TAOK1,TAOK2,TAOK3,TDP1,TGFBR1,TGFBR2,TLK1,TLK2,TNIK,TOP2A,TOP2B,TTK,TYK2,TYRO3,WEE1,YES1",CHEMBL
GS9973_Entospletinib,SYKi,"CYP2D6,FLT3,JAK2,KDR,RET,SYK",CHEMBL
GSK2334470,PDK1i,"AKT1,AKT3,AURKA,AURKB,BRSK2,CHEK2,EGFR,GSK3B,KDR,MAP3K5,MET,NLK,PDK1,PDPK1,PIK3CG,PRKCQ,RET,ROCK1,ROCK2,RPS6KA1,RPS6KA3,RPS6KA6,SGK1,SGK2,SYK,TGFBR1",CHEMBL
GSK429286A,ROCK1i,"ROCK1,ROCK2,RPS6KA1,RPS6KB1",CHEMBL
GSK525762A,BETi,"BRD2,BRD3,BRD4,CREBBP,CYP2D6,SMARCA4",CHEMBL
GSK923295,CENPEi,,CHEMBL
Geldanamycin,HSP90i,"ABL1,ATAD5,BCR,CAMK2A,CAMK2G,CBFB,CDK2,CDK6,CHEK2,CLK2,CLK3,CSNK1G3,CYP2D6,DMPK,ERBB2,FES,GSK3B,HDAC1,HDAC2,HDAC7,HDAC8,HIF1A,HSP90AA1,HSP90AB1,JAK1,LMNA,MAP2K2,MAP3K5,MAPK3,MTOR,NEK2,NEK6,PAK4,PBK,PDPK1,PIM1,PIM2,PIM3,PLK1,PLK4,PRKAA2,PRKDC,RIPK1,RPS6KA3,RUNX1,STK16,STK3,STK4,TDP1,TNIK,USP1,VDR,VRK1",CHEMBL
Gemcitabine,Cytostatic_Antimetabolite,"ABCB1,ABCB11,ADORA2A,AGTR2,BDKRB2,CYP2D6,DCK,EGFR,ELANE,ERBB2,ESR1,ESR2,FLT1,HMGCR,LCK,MAPK1,MAPK14,MAPK3,OPRK1,PTPRC,RRM1,RRM2,RRM2B,SIRT1,TDP1",CHEMBL
Gilteritinib,FLT3i_AXLi,"ABL1,ABL2,ACAD10,ACTR2,ACTR3,ACVR1B,ACVR2B,AKT1,AKT2,AKT3,ALK,ARAF,AURKA,AURKB,AXL,BCR,BMP2K,BMPR1A,BMPR1B,BRAF,CAMK2G,CDK1,CDK12,CDK2,CDK4,CDK5,CDK6,CDK7,CDK9,CHD4,CHEK1,CIT,CSNK1D,CSNK1E,CSNK1G3,DCK,DDR1,DDR2,DDX3X,DDX6,EGFR,EIF2AK1,EML4,EPHA2,EPHA4,EPHA5,EPHA7,EPHB6,ERCC2,ETV6,FES,FGFR1,FLT3,GSK3B,IGF1R,IKBKE,INSR,IRAK1,IRAK4,JAK1,LATS1,LCK,LYN,MAP2K1,MAP2K2,MAP3K1,MAP3K2,MAP3K3,MAP3K4,MAP3K5,MAP4K3,MAP4K4,MAPK1,MAPK10,MAPK14,MAPK15,MAPK3,MAPK8,MAPK9,MAPKAPK5,MARK3,MARK4,MCM4,MET,NAT10,NEK2,NLK,NTRK1,PAK4,PDGFRB,PIM1,PKMYT1,PLK4,PRKAA1,PRKAG2,PRKAR2A,PRKCD,PRKCI,PRKD2,PTK2B,PTK6,RAC1,RAN,RET,ROCK1,ROCK2,ROS1,RPS6KA1,RPS6KA3,RPS6KA4,RPS6KA5,RPS6KA6,RPS6KB1,SMC1A,SMC2,SRC,STK11,STK16,STK3,STK4,STRADA,SYK,TAOK1,TAOK2,TAOK3,TGFBR1,TGFBR2,TNIK,TOP2A,TOP2B,TTK,TYK2,WEE1,YES1",CHEMBL
IBET151,BETi,"BRD2,BRD3,BRD4,CREBBP,CYP2D6,PDE4B,SMARCA4",CHEMBL
Ibrutinib,BTKi,"ABL1,ABL2,ACAD10,ACTR2,ACTR3,ACVR1B,ACVR2B,AKT1,AKT2,AKT3,ARAF,AURKA,AURKB,BCR,BMP2K,BMPR1A,BMPR1B,BRAF,CAMK2G,CCNE1,CDC7,CDK1,CDK12,CDK2,CDK4,CDK5,CDK6,CDK7,CDK9,CHD4,CHEK1,CIT,CLK2,CSF1R,CSNK1D,CSNK1E,CSNK1G3,CYP2B6,DCK,DDR1,DDR2,DDX3X,DDX42,DDX6,EGFR,EIF2AK1,EIF4EBP1,EPHA2,EPHA4,EPHA5,EPHA7,EPHB6,ERBB2,ERBB3,ERBB4,ERCC2,FES,FGFR1,FGFR2,FLT1,FLT3,GSK3B,IGF1R,IKBKE,INSR,INSRR,IRAK1,IRAK4,ITK,JAK1,JAK2,JAK3,LATS1,LCK,LYN,MAP2K1,MAP2K2,MAP2K7,MAP3K1,MAP3K2,MAP3K3,MAP3K4,MAP3K5,MAP4K3,MAP4K4,MAPK1,MAPK10,MAPK14,MAPK15,MAPK3,MAPK8,MAPK9,MAPKAPK5,MARK3,MARK4,MCM4,MET,NAT10,NEK2,NEK7,NLK,NTRK1,PAK4,PDGFRB,PEBP1,PIM1,PKMYT1,PLK1,PLK4,PRKAA1,PRKAG2,PRKAR2A,PRKCD,PRKCI,PRKCQ,PRKD2,PTK2B,PTK6,RAN,RET,ROCK1,ROCK2,RPS6KA1,RPS6KA3,RPS6KA4,RPS6KA5,RPS6KA6,RPS6KB1,SMAD3,SMC1A,SMC2,SRC,STK11,STK16,STK3,STK4,STRADA,SYK,TAOK1,TAOK2,TAOK3,TDP1,TGFBR1,TGFBR2,TNIK,TOP2A,TOP2B,TTK,TYK2,WEE1,YES1",CHEMBL
Imatinib,BCRi_ABLi,"ABCB1,ABCB11,ABCG2,ABL1,ABL2,ACAD10,ACTR2,ACTR3,ACVR1B,ACVR2A,ACVR2B,ACVRL1,ADORA2A,AGTR2,AKT1,AKT2,AKT3,ALK,APEX1,ARAF,AURKA,AURKB,AXL,BCR,BDKRB2,BMP2K,BMPR1A,BMPR1B,BRAF,BRSK2,CAMK2A,CAMK2G,CAMKK1,CASK,CCNA1,CCNA2,CCNB1,CCNE1,CDC7,CDK1,CDK12,CDK2,CDK4,CDK5,CDK6,CDK7,CDK8,CDK9,CDKL2,CHD4,CHEK1,CHEK2,CIT,CLK2,CLK3,CSF1R,CSNK1A1L,CSNK1D,CSNK1E,CSNK1G3,CSNK2A1,CYP2B6,CYP2D6,DAPK1,DCK,DDR1,DDR2,DDX3X,DDX6,DMPK,DSTYK,DYRK2,EGFR,EIF2AK1,EIF2AK4,ELANE,EPHA2,EPHA3,EPHA4,EPHA5,EPHA6,EPHA7,EPHB1,EPHB6,ERBB2,ERBB3,ERBB4,ERCC2,ESR1,ESR2,FEN1,FES,FGFR1,FGFR2,FGFR3,FGFR4,FLT1,FLT3,FLT4,GSK3B,HDAC1,HDAC2,HDAC7,HDAC8,HIPK2,HMGCR,IDH1,IGF1R,IKBKE,INSR,INSRR,IRAK1,IRAK4,ITK,JAK1,JAK2,JAK3,KDR,KIT,LATS1,LATS2,LCK,LMNA,LRRK2,LYN,MAP2K1,MAP2K2,MAP2K4,MAP2K7,MAP3K1,MAP3K13,MAP3K2,MAP3K3,MAP3K4,MAP3K5,MAP3K7,MAP4K3,MAP4K4,MAPK1,MAPK10,MAPK14,MAPK15,MAPK3,MAPK8,MAPK9,MAPKAPK5,MARK3,MARK4,MAST1,MATK,MCM4,MET,MTOR,MYO3B,MYT1,NAT10,NEK2,NEK4,NEK6,NEK7,NLK,NPM1,NTRK1,NTRK2,NTRK3,OPRK1,PAK1,PAK3,PAK4,PBK,PDGFRA,PDGFRB,PDPK1,PEBP1,PIK3C2B,PIK3C2G,PIK3CA,PIK3CB,PIK3CD,PIK3CG,PIM1,PIM2,PIM3,PIP4K2B,PIP5K1A,PKMYT1,PLK1,PLK4,POLI,POLK,PRKAA1,PRKAA2,PRKAB1,PRKAG2,PRKAR2A,PRKCD,PRKCG,PRKCI,PRKCQ,PRKCZ,PRKD1,PRKD2,PTK2B,PTK6,PTPRC,RAD52,RAF1,RAN,RET,RIOK3,RIPK1,ROCK1,ROCK2,ROS1,RPS6KA1,RPS6KA3,RPS6KA4,RPS6KA5,RPS6KA6,RPS6KB1,SFN,SGK1,SGK2,SGK3,SMAD3,SMC2,SRC,SRPK2,STK11,STK16,STK3,STK4,STRADA,SYK,TAOK1,TAOK2,TAOK3,TDP1,TGFBR1,TGFBR2,TLK1,TLK2,TNIK,TOP2A,TOP2B,TTK,TYK2,TYRO3,VRK1,WEE1,YES1",CHEMBL
K858,KIF11i,"APEX1,BLM,CBFB,IDH1,KIF11,LMNA,MBNL1,POLB,RECQL,RUNX1,TDP1",CHEMBL
LY2228820_Ralimetinib,MAPKi,"MAPK1,MAPK10,MAPK14,MAPK15,MAPK3,MAPK8,MAPK9",CHEMBL
LY2584702,p70S6Ki,"ABL1,ABL2,ACAD10,ACTR2,ACTR3,ACVR1B,ACVR2B,AKT1,AKT2,AKT3,ARAF,AURKA,AURKB,BCR,BMP2K,BMPR1A,BMPR1B,BRAF,CAMK2G,CDK1,CDK12,CDK2,CDK4,CDK5,CDK6,CDK7,CDK9,CHD4,CHEK1,CIT,CSNK1D,CSNK1E,CSNK1G3,DCK,DDR1,DDR2,DDX3X,DDX42,DDX6,EGFR,EIF2AK1,EPHA2,EPHA4,EPHA5,EPHA7,EPHB6,ERCC2,FES,FGFR1,FLT3,GSK3B,IGF1R,IKBKE,INSR,IRAK1,IRAK4,JAK1,LATS1,LCK,LYN,MAP2K1,MAP2K2,MAP3K1,MAP3K2,MAP3K3,MAP3K4,MAP3K5,MAP4K3,MAP4K4,MAPK1,MAPK10,MAPK14,MAPK15,MAPK3,MAPK8,MAPK9,MAPKAPK5,MARK3,MARK4,MET,NAT10,NEK2,NLK,NTRK1,PAK4,PDGFRB,PEBP1,PIM1,PIM2,PKMYT1,PLK4,PRKAA1,PRKAG2,PRKCD,PRKCI,PRKCQ,PRKD2,PTK2B,PTK6,RAN,RET,ROCK1,ROCK2,RPS6KA1,RPS6KA3,RPS6KA4,RPS6KA5,RPS6KA6,RPS6KB1,RPS6KB2,SMC2,SRC,STK11,STK16,STK3,STK4,STRADA,SYK,TAOK1,TAOK2,TAOK3,TGFBR1,TGFBR2,TNIK,TOP2B,TYK2,WEE1,YES1",CHEMBL
LY2603618,CHK1i,"ABL1,ABL2,ACAD10,ACTR2,ACTR3,ACVR1B,ACVR2B,AKT1,AKT2,AKT3,ARAF,ATR,AURKA,AURKB,BCR,BMP2K,BMPR1A,BMPR1B,BRAF,CAMK2G,CDC7,CDK1,CDK12,CDK2,CDK4,CDK5,CDK6,CDK7,CDK9,CHD4,CHEK1,CIT,CLK2,CLK3,CSNK1D,CSNK1E,CSNK1G3,DCK,DDR1,DDR2,DDX3X,DDX42,DDX6,EGFR,EIF2AK1,EPHA2,EPHA4,EPHA5,EPHA7,EPHB6,ERCC2,FES,FGFR1,FLT3,GSK3B,IGF1R,IKBKE,INSR,IRAK1,IRAK4,JAK1,JAK2,LATS1,LCK,LYN,MAP2K1,MAP2K2,MAP2K4,MAP3K1,MAP3K2,MAP3K3,MAP3K4,MAP3K5,MAP4K3,MAP4K4,MAPK1,MAPK10,MAPK14,MAPK15,MAPK3,MAPK8,MAPK9,MAPKAPK5,MARK3,MARK4,MCM4,MET,NAT10,NEK2,NEK7,NLK,NTRK1,PAK4,PDGFRB,PEBP1,PIM1,PIM2,PKMYT1,PLK1,PLK4,PRKAA1,PRKAG2,PRKAR2A,PRKCD,PRKCI,PRKCQ,PRKCZ,PRKD2,PTK2B,PTK6,RAN,RET,ROCK1,ROCK2,RPS6KA1,RPS6KA3,RPS6KA4,RPS6KA5,RPS6KA6,RPS6KB1,SMC1A,SMC2,SRC,STK11,STK16,STK3,STK4,STRADA,SYK,TAOK1,TAOK2,TAOK3,TGFBR1,TGFBR2,TNIK,TOP2A,TOP2B,TYK2,WEE1,YES1",CHEMBL
LY2606368_Prexasertib,CHK1i,"CDK1,CDK2,CHEK1,CHEK2,FLT3,LCK,LYN,PIM1,PIM3,PRKAA1,PRKAB1,RPS6KA1,RPS6KB1",CHEMBL
LY2857785,CDK9i,"CCNC,CCNH,CDK7,CDK8,CDK9,MNAT1",CHEMBL
Lapatinib,ERBB1i_ERBB2i,"ABCB11,ABL1,ABL2,ACTR2,ACTR3,ACVR1B,ACVR2A,ACVR2B,ACVRL1,AKT1,AKT2,AKT3,ALK,ARAF,ATR,AURKA,AURKB,AXL,BCR,BMP2K,BMPR1A,BMPR1B,BRAF,BRSK2,CAMK2A,CAMK2G,CAMKK1,CASK,CCNE1,CDC7,CDK1,CDK12,CDK2,CDK4,CDK5,CDK6,CDK7,CDK8,CDK9,CDKL2,CHD4,CHEK1,CHEK2,CIT,CLK2,CLK3,CSF1R,CSNK1A1L,CSNK1D,CSNK1E,CSNK1G3,CSNK2A1,CYP2D6,DAPK1,DCK,DDR1,DDR2,DDX3X,DDX42,DDX6,DMPK,DSTYK,DYRK2,EGFR,EIF2AK1,EIF2AK4,EPHA2,EPHA3,EPHA4,EPHA5,EPHA6,EPHA7,EPHB1,EPHB6,ERBB2,ERBB3,ERBB4,ERCC2,FES,FGFR1,FGFR2,FGFR3,FGFR4,FLT1,FLT3,FLT4,GSK3B,HDAC1,HDAC2,HDAC7,HDAC8,HIPK2,IGF1R,IKBKE,INSR,INSRR,IRAK1,IRAK4,ITK,JAK1,JAK2,JAK3,KDR,KIT,KMT2A,LATS1,LATS2,LCK,LRRK2,LYN,MAP2K1,MAP2K2,MAP2K4,MAP2K7,MAP3K1,MAP3K13,MAP3K2,MAP3K3,MAP3K4,MAP3K5,MAP3K7,MAP4K3,MAP4K4,MAPK1,MAPK10,MAPK14,MAPK15,MAPK3,MAPK8,MAPK9,MAPKAPK5,MARK3,MARK4,MAST1,MATK,MCM4,MEN1,MET,MTOR,MYO3B,MYT1,NAT10,NEK2,NEK4,NEK6,NEK7,NLK,NTRK1,NTRK2,NTRK3,PAK1,PAK3,PAK4,PBK,PDGFRA,PDGFRB,PDPK1,PEBP1,PIK3C2B,PIK3C2G,PIK3CA,PIK3CB,PIK3CD,PIK3CG,PIM1,PIM2,PIM3,PIP4K2B,PIP5K1A,PKMYT1,PLK1,PLK4,PRKAA1,PRKAA2,PRKAG2,PRKAR2A,PRKCD,PRKCG,PRKCI,PRKCQ,PRKCZ,PRKD1,PRKD2,PTK2B,PTK6,RAF1,RAN,RET,RIOK3,RIPK1,ROCK1,ROCK2,ROS1,RPS6KA1,RPS6KA3,RPS6KA4,RPS6KA5,RPS6KA6,RPS6KB1,SGK2,SGK3,SMC1A,SMC2,SRC,SRPK2,STK11,STK16,STK3,STK4,STRADA,SYK,TAOK1,TAOK2,TAOK3,TGFBR1,TGFBR2,TLK1,TLK2,TNIK,TOP2A,TOP2B,TTK,TYK2,TYRO3,WEE1,YES1",CHEMBL
Lomustine,Cytostatic_Intercalator,"ABCB11,ADORA2A,AGTR2,BDKRB2,CYP2D6,EGFR,ELANE,ERBB2,ESR1,ESR2,FLT1,HMGCR,LCK,MAPK1,MAPK14,MAPK3,OPRK1,PTPRC,TDP1",CHEMBL
M3541,ATMi,ATM,CHEMBL
M3814,DNAPKi,PRKDC,CHEMBL
M4076,ATMi,ATM,CHEMBL
MK4827_Niraparib,PARPi,"PARP1,PARP2,PARP3,PARP4,TNKS,TNKS2",CHEMBL
ML167,CDKi_CLK4i,"CDK1,CDK12,CDK2,CDK20,CDK4,CDK5,CDK6,CDK7,CDK8,CDK9,CLK2,CLK3",CHEMBL
Melphalan,Cytostatic_Intercalator,"ABCB11,ADORA2A,AGTR2,AR,BDKRB2,CYP2D6,EGFR,ELANE,ERBB2,ESR1,ESR2,FLT1,GBA,HIF1A,HMGCR,LCK,MAPK1,MAPK14,MAPK3,NFE2L2,NFKB1,OPRK1,PPARG,PTPRC,RORC,RXRA,SMAD3,TDP1,TP53,USP1,VDR",CHEMBL
Methotrexate,DHFRi,"ABCB1,ABCB11,ABCG2,ADORA2A,AGTR2,APEX1,ATAD5,ATIC,BDKRB2,BLM,CASP7,CBFB,CYP2D6,DHFR,EGFR,ELANE,ERBB2,ERG,ESR1,ESR2,FEN1,FLT1,HMGB1,HMGCR,IDH1,KAT2A,KDM4A,KMT2A,LCK,LMNA,MAPK1,MAPK14,MAPK3,MBNL1,MEN1,MMP2,MMP7,NCOA1,NCOA3,NFE2L2,OPRK1,PABPC1,PIN1,POLB,POLH,POLI,POLK,PPARG,PTPRC,RFC1,RUNX1,RXRA,TDP1,TP53,TSHR,TYMS,USP1,VDR,WRN",CHEMBL
Mitomycin,Cytostatic_Antibiotic,"ABCB1,ADORA2A,AGTR2,APEX1,BDKRB2,CYP2D6,EGFR,ELANE,ERBB2,ESR1,ESR2,FLT1,GNAS,HMGCR,IDH1,IDO1,LCK,MAPK1,MAPK14,MAPK3,NFE2L2,OPRK1,POLI,POLK,PTPRC,SMAD3,TDP1",CHEMBL
NSC348884,NPMi,NPM1,CHEMBL
Nutlin,MDM2i,"BCL2,DAPK1,HDAC1,HIF1A,MCL1,MDM2,MDM4,TP53,VDR,YES1",CHEMBL
OSI027,mTORi,"ABL1,ABL2,ACAD10,ACTR2,ACTR3,ACVR1B,ACVR2B,AKT1,AKT2,AKT3,ARAF,AURKA,AURKB,BCR,BMP2K,BMPR1A,BMPR1B,BRAF,CAMK2G,CDK1,CDK12,CDK2,CDK4,CDK5,CDK6,CDK7,CDK9,CHD4,CHEK1,CIT,CLK2,CSNK1D,CSNK1E,CSNK1G3,DCK,DDR1,DDR2,DDX3X,DDX42,DDX6,EGFR,EIF2AK1,EPHA2,EPHA4,EPHA5,EPHA7,EPHB6,ERCC2,FES,FGFR1,FLT3,GSK3B,IGF1R,IKBKE,INSR,IRAK1,IRAK4,JAK1,LATS1,LCK,LYN,MAP2K1,MAP2K2,MAP3K1,MAP3K2,MAP3K3,MAP3K4,MAP3K5,MAP4K3,MAP4K4,MAPK1,MAPK10,MAPK14,MAPK15,MAPK3,MAPK8,MAPK9,MAPKAPK5,MARK3,MARK4,MCM4,NAT10,NEK2,NLK,NTRK1,PAK4,PDGFRB,PEBP1,PIM1,PIM2,PKMYT1,PLK4,PRKAA1,PRKAG2,PRKAR2A,PRKCD,PRKCI,PRKCQ,PRKCZ,PRKD2,PTK2B,PTK6,RAN,RET,ROCK1,ROCK2,RPS6KA1,RPS6KA3,RPS6KA4,RPS6KA5,RPS6KA6,RPS6KB1,SMC1A,SMC2,SRC,STK11,STK16,STK3,STK4,STRADA,SYK,TAOK1,TAOK2,TAOK3,TGFBR1,TGFBR2,TNIK,TOP2A,TOP2B,TYK2,WEE1,YES1",CHEMBL
Olaparib,PARPi,"HDAC1,PARP1,PARP2,PARP3,PARP4,TNKS,TNKS2",CHEMBL
Oxaliplatin,Cytostatic_Platinumanalogue,"ADORA2A,AGTR2,BDKRB2,CYP2D6,EGFR,ELANE,ERBB2,ESR1,ESR2,FLT1,HMGCR,LCK,MAPK1,MAPK14,MAPK3,OPRK1,PTPRC,TDP1",CHEMBL
PD0332991_Palbociclib,CDKi,"ABL1,ABL2,ACAD10,ACTR2,ACTR3,ACVR1B,ACVR2B,AKT1,AKT2,AKT3,ALK,ARAF,AURKA,AURKB,BCR,BMP2K,BMPR1A,BMPR1B,BRAF,CAMK2A,CAMK2G,CCNA1,CCNA2,CCNB1,CCND1,CCND2,CCND3,CCNE1,CCNH,CDC7,CDK1,CDK12,CDK2,CDK20,CDK4,CDK5,CDK6,CDK7,CDK8,CDK9,CHEK1,CIT,CLK2,CLK3,CSF1R,CSNK1D,CSNK1E,CSNK1G3,CSNK2A1,DCK,DDR1,DDR2,DDX3X,DDX42,DDX6,EGFR,EIF2AK1,EPHA2,EPHA4,EPHA5,EPHA7,EPHB6,ERCC2,FES,FGFR1,FGFR2,FGFR3,FGFR4,FLG,FLT1,FLT3,GSK3B,IGF1R,IKBKE,INSR,IRAK1,IRAK4,JAK1,JAK2,JAK3,KDR,LATS1,LCK,LRRK2,LYN,MAP2K1,MAP2K2,MAP2K4,MAP3K1,MAP3K2,MAP3K3,MAP3K4,MAP3K5,MAP4K3,MAP4K4,MAPK1,MAPK10,MAPK14,MAPK15,MAPK3,MAPK8,MAPK9,MAPKAPK5,MARK3,MARK4,MCM4,MET,MNAT1,NAT10,NEK2,NLK,NTRK1,NTRK2,NTRK3,PAK4,PDGFRA,PDGFRB,PIK3CD,PIM1,PIM2,PKMYT1,PLK4,PRKAA1,PRKAG2,PRKAR2A,PRKCD,PRKCI,PRKCQ,PRKD2,PTK2B,PTK6,RAN,RET,ROCK1,ROCK2,RPS6KA1,RPS6KA3,RPS6KA4,RPS6KA5,RPS6KA6,RPS6KB1,SMC2,SRC,STK11,STK16,STK3,STK4,STRADA,SYK,TAOK1,TAOK2,TAOK3,TGFBR1,TGFBR2,TNIK,TOP2A,TOP2B,TYK2,TYRO3,WEE1,YES1",CHEMBL
PF04217903,METi,"ABL1,ABL2,ACAD10,ACTR2,ACTR3,ACVR1B,ACVR2B,AKT1,AKT2,AKT3,ALK,ARAF,ATR,AURKA,AURKB,BCR,BMP2K,BMPR1A,BMPR1B,BRAF,CAMK2A,CAMK2G,CDC7,CDK1,CDK12,CDK2,CDK4,CDK5,CDK6,CDK7,CDK8,CDK9,CHD4,CHEK1,CIT,CLK2,CLK3,CSF1R,CSNK1D,CSNK1E,CSNK1G3,CYP2D6,DCK,DDR1,DDR2,DDX3X,DDX42,DDX6,EGFR,EIF2AK1,EPHA2,EPHA4,EPHA5,EPHA7,EPHB6,ERCC2,FES,FGFR1,FLG,FLT1,FLT3,GSK3B,IGF1R,IKBKE,INSR,IRAK1,IRAK4,JAK1,JAK2,JAK3,KDR,LATS1,LCK,LRRK2,LYN,MAP2K1,MAP2K2,MAP2K4,MAP3K1,MAP3K2,MAP3K3,MAP3K4,MAP3K5,MAP4K3,MAP4K4,MAPK1,MAPK10,MAPK14,MAPK15,MAPK3,MAPK8,MAPK9,MAPKAPK5,MARK3,MARK4,MCM4,MET,NAT10,NEK2,NEK7,NLK,NTRK1,NTRK2,NTRK3,PAK4,PDE10A,PDE1C,PDE4B,PDGFRA,PDGFRB,PEBP1,PIM1,PIM2,PKMYT1,PLK1,PLK4,PRKAA1,PRKAG2,PRKAR2A,PRKCD,PRKCI,PRKCQ,PRKCZ,PRKD2,PTK2B,PTK6,RAN,RET,ROCK1,ROCK2,RPS6KA1,RPS6KA3,RPS6KA4,RPS6KA5,RPS6KA6,RPS6KB1,SMC2,SRC,STK11,STK16,STK3,STK4,STRADA,SYK,TAOK1,TAOK2,TAOK3,TGFBR1,TGFBR2,TNIK,TOP2A,TOP2B,TTK,TYK2,TYRO3,WEE1,YES1",CHEMBL
PLX647,FMSi_KITi,"CSF1R,KIT",CHEMBL
Paclitaxel,Cytostatic_Tubulini_BCL2i,"ABCB1,ABCB11,ABL1,ADORA2A,AGTR2,AR,ATAD5,BCL2,BCL2L1,BDKRB2,BLM,CYP2D6,EGFR,ELANE,ERBB2,ESR1,ESR2,FGFR1,FLT1,HIF1A,HMGCR,HSP90AA1,HSPE1,IDH1,KMT2A,LCK,LMNA,MAPK1,MAPK14,MAPK3,MEN1,MTOR,NFE2L2,OPRK1,PIN1,PPARG,PTPRC,RECQL,RXRA,SMAD3,SNCA,SRC,TDP1,TK1,TP53,TUBA1A,TUBA4A,TUBB4B,USP1,VDR",CHEMBL
Pomalidomide,CRBNi,"ABCB11,BRD4,CDK6,CUL4A,DDB1,IKZF1,IKZF3,NFKB1,NFKB2,PDE4B,RBX1,RELA",CHEMBL
Purvalanol,CDKi,"ABL1,ABL2,ACVR1B,AKT1,AKT2,AKT3,ALK,APEX1,AURKA,AURKB,AXL,BRSK2,CAMK2G,CAMKK1,CCNA1,CCNA2,CCNB1,CCNB2,CCNB3,CCND1,CCND3,CCNE1,CCNE2,CCNH,CDK1,CDK12,CDK2,CDK20,CDK4,CDK5,CDK6,CDK7,CDK8,CDK9,CHEK1,CHEK2,CLK2,CLK3,CSF1R,CSNK1D,CSNK1G3,CSNK2A1,CYP2D6,DAPK1,DDR2,DMPK,DYRK2,EGFR,EPHA2,EPHA3,EPHA4,EPHA5,EPHA7,EPHB1,ERBB4,FES,FGFR1,FGFR2,FGFR3,FGFR4,FLT1,FLT3,FLT4,GBA,GSK3B,HIF1A,HIPK2,IGF1R,INSR,INSRR,IRAK1,IRAK4,ITK,JAK2,JAK3,KDR,KIT,KMT2A,LCK,LYN,MAP2K1,MAP2K7,MAP3K5,MAP3K7,MAPK1,MAPK10,MAPK14,MAPK15,MAPK3,MAPK8,MAPK9,MAPKAPK5,MARK3,MEN1,MET,MTOR,NEK2,NEK6,NEK7,NLK,NTRK1,NTRK2,PAK3,PAK4,PDGFRA,PDGFRB,PDPK1,PIM1,PIM2,PIM3,PLK1,PRKAA1,PRKAA2,PRKAB1,PRKAG2,PRKCD,PRKCG,PRKCI,PRKCQ,PRKCZ,PRKD1,PRKD2,PTK2B,PTK6,RAF1,RET,ROCK1,ROCK2,ROS1,RPS6KA1,RPS6KA3,RPS6KA4,RPS6KA5,RPS6KA6,RPS6KB1,SGK1,SGK2,SGK3,SRC,SRPK2,STAT6,STK11,STK3,STK4,SYK,TAOK1,TAOK2,TAOK3,TDP1,TGFBR1,TLK2,TP53,TSHR,TYRO3,USP1,YES1",CHEMBL
RO3306,CDKi,"AKT1,AKT2,AKT3,AURKA,AURKB,CCNA2,CCNB1,CCND1,CCNE1,CCNH,CDK1,CDK12,CDK2,CDK20,CDK4,CDK5,CDK6,CDK7,CDK8,CDK9,GSK3B,MAPK1,MNAT1,PRKCD,RPS6KA3",CHEMBL
Roscovitine_Seliciclib,CDKi,"ABL1,ABL2,ACAD10,ACTR2,ACTR3,ACVR1B,ACVR2A,ACVR2B,ACVRL1,AKT1,AKT2,AKT3,ALK,ARAF,ATAD5,AURKA,AURKB,AXL,BCR,BMP2K,BMPR1A,BMPR1B,BRAF,BRSK2,CAMK2A,CAMK2G,CAMKK1,CCNA1,CCNA2,CCNB1,CCNB2,CCNB3,CCND1,CCND3,CCNE1,CCNE2,CCNH,CDK1,CDK12,CDK2,CDK20,CDK4,CDK5,CDK6,CDK7,CDK8,CDK9,CHD4,CHEK1,CHEK2,CIT,CLK2,CLK3,CSF1R,CSNK1A1L,CSNK1D,CSNK1E,CSNK1G3,CSNK2A1,CYP2D6,DAPK1,DCK,DDR1,DDR2,DDX3X,DDX42,DDX6,DMPK,DYRK2,EGFR,EIF2AK1,EIF2AK4,EPHA2,EPHA3,EPHA4,EPHA5,EPHA6,EPHA7,EPHB1,EPHB6,ERBB2,ERBB4,ERCC2,FES,FGFR1,FGFR2,FGFR3,FGFR4,FLT1,FLT3,FLT4,GSK3B,HDAC1,HIF1A,HIPK2,IGF1R,IKBKE,INSR,INSRR,IRAK1,IRAK4,ITK,JAK1,JAK2,JAK3,KAT2A,KDR,KIT,LATS1,LATS2,LCK,LMNA,LYN,MAP2K1,MAP2K2,MAP2K4,MAP3K1,MAP3K2,MAP3K3,MAP3K4,MAP3K5,MAP4K3,MAP4K4,MAPK1,MAPK10,MAPK14,MAPK15,MAPK3,MAPK8,MAPK9,MAPKAPK5,MARK3,MARK4,MATK,MCM4,MET,MNAT1,MYO3B,NAT10,NEK2,NEK4,NEK6,NEK7,NFE2L2,NFKB1,NLK,NTRK1,NTRK2,NTRK3,PAK1,PAK3,PAK4,PBK,PDGFRA,PDGFRB,PDPK1,PEBP1,PIK3CA,PIK3R1,PIM1,PIM2,PIM3,PIP4K2B,PIP5K1A,PKMYT1,PLK1,PLK4,PRKAA1,PRKAA2,PRKAG2,PRKAR2A,PRKCD,PRKCG,PRKCI,PRKCQ,PRKCZ,PRKD1,PRKD2,PTK2B,PTK6,RAF1,RAN,RB1,RET,RIOK3,RIPK1,ROCK1,ROCK2,ROS1,RPS6KA1,RPS6KA3,RPS6KA4,RPS6KA5,RPS6KA6,RPS6KB1,SGK1,SGK2,SMC1A,SMC2,SRC,SRPK2,STK11,STK16,STK3,STK4,STRADA,SYK,TAOK1,TAOK2,TAOK3,TDP1,TGFBR1,TGFBR2,TLK1,TLK2,TNIK,TOP2A,TOP2B,TP53,TSHR,TTK,TYK2,TYRO3,VRK1,WEE1,YES1",CHEMBL
Ruxolitinib,JAKi,"ABL1,ABL2,ACAD10,ACTR2,ACTR3,ACVR1B,ACVR2A,ACVR2B,ACVRL1,AKT1,AKT2,AKT3,ALK,ARAF,AURKA,AURKB,AXL,BCR,BMP2K,BMPR1A,BMPR1B,BRAF,BRSK2,CAMK2A,CAMK2G,CAMKK1,CASK,CDC7,CDK1,CDK12,CDK2,CDK4,CDK5,CDK6,CDK7,CDK8,CDK9,CDKL2,CHD4,CHEK1,CHEK2,CIT,CLK2,CLK3,CSF1R,CSNK1A1L,CSNK1D,CSNK1E,CSNK1G3,CSNK2A1,DAPK1,DCK,DDR1,DDR2,DDX3X,DDX6,DMPK,DSTYK,DYRK2,EGFR,EIF2AK1,EIF2AK4,EPHA2,EPHA3,EPHA4,EPHA5,EPHA6,EPHA7,EPHB1,EPHB6,ERBB2,ERBB3,ERBB4,ERCC2,FES,FGFR1,FGFR2,FGFR3,FGFR4,FLG,FLT1,FLT3,FLT4,GSK3B,HDAC1,HDAC2,HIPK2,IGF1R,IKBKE,INSR,INSRR,IRAK1,IRAK4,ITK,JAK1,JAK2,JAK3,KDR,KIT,LATS1,LATS2,LCK,LRRK2,LYN,MAP2K1,MAP2K2,MAP2K4,MAP2K7,MAP3K1,MAP3K13,MAP3K2,MAP3K3,MAP3K4,MAP3K5,MAP3K7,MAP4K3,MAP4K4,MAPK1,MAPK10,MAPK14,MAPK15,MAPK3,MAPK8,MAPK9,MAPKAPK5,MARK3,MARK4,MAST1,MATK,MCM4,MET,MTOR,MYO3B,NAT10,NEK2,NEK4,NEK6,NEK7,NLK,NR1H2,NTRK1,NTRK2,NTRK3,PAK1,PAK3,PAK4,PDGFRA,PDGFRB,PDPK1,PEBP1,PIK3C2B,PIK3C2G,PIK3CA,PIK3CB,PIK3CD,PIK3CG,PIM1,PIM2,PIM3,PIP4K2B,PIP5K1A,PKMYT1,PLK1,PLK4,PRKAA1,PRKAA2,PRKAG2,PRKAR2A,PRKCD,PRKCI,PRKCQ,PRKD1,PRKD2,PTK2B,PTK6,RAF1,RAN,RET,RIOK3,RIPK1,ROCK1,ROCK2,ROS1,RPS6KA1,RPS6KA3,RPS6KA4,RPS6KA5,RPS6KA6,RPS6KB1,SGK3,SMC1A,SMC2,SRC,SRPK2,STK11,STK16,STK3,STK4,STRADA,SYK,TAOK1,TAOK2,TAOK3,TGFBR1,TGFBR2,TLK1,TLK2,TNIK,TOP2B,TTK,TYK2,TYRO3,WEE1,YES1",CHEMBL
SCH727965_MK7965_Dinaciclib,CDKi,"ABL1,ABL2,ACAD10,ACTR2,ACTR3,ACVR1B,ACVR2B,AKT1,AKT2,AKT3,ARAF,ATR,AURKA,AURKB,BCR,BMP2K,BMPR1A,BMPR1B,BRAF,BRD4,CAMK2G,CCNA2,CCNB1,CCND1,CCNE1,CCNH,CDK1,CDK12,CDK2,CDK20,CDK4,CDK5,CDK6,CDK7,CDK8,CDK9,CHD4,CHEK1,CIT,CLK2,CSNK1D,CSNK1E,CSNK1G3,DCK,DDR1,DDR2,DDX3X,DDX42,DDX6,EGFR,EIF2AK1,EPHA2,EPHA4,EPHA5,EPHA7,EPHB6,ERCC2,FES,FGFR1,FLT3,GSK3B,IGF1R,IKBKE,INSR,IRAK1,IRAK4,JAK1,LATS1,LCK,LYN,MAP2K1,MAP2K2,MAP2K4,MAP3K1,MAP3K2,MAP3K3,MAP3K4,MAP3K5,MAP4K3,MAP4K4,MAPK1,MAPK10,MAPK14,MAPK15,MAPK3,MAPK8,MAPK9,MAPKAPK5,MARK3,MARK4,MCM4,MET,MNAT1,NAT10,NEK2,NEK7,NLK,NTRK1,PAK4,PDGFRB,PEBP1,PIM1,PIM2,PKMYT1,PLK4,PRKAA1,PRKAG2,PRKAR2A,PRKCD,PRKCI,PRKCQ,PRKCZ,PRKD2,PTK2B,PTK6,RAN,RET,ROCK1,ROCK2,RPS6KA1,RPS6KA3,RPS6KA4,RPS6KA5,RPS6KA6,RPS6KB1,SMC1A,SMC2,SRC,STK11,STK16,STK3,STK4,STRADA,SYK,TAOK1,TAOK2,TAOK3,TGFBR1,TGFBR2,TNIK,TOP2A,TOP2B,TYK2,WEE1,YES1",CHEMBL
SGX523,METi,"ABL1,ABL2,ACAD10,ACTR2,ACTR3,ACVR1B,ACVR2A,ACVR2B,ACVRL1,AKT1,AKT2,AKT3,ALK,ARAF,AURKA,AURKB,AXL,BCR,BMP2K,BMPR1A,BMPR1B,BRAF,BRSK2,CAMK2A,CAMK2G,CAMKK1,CASK,CDC7,CDK1,CDK12,CDK2,CDK4,CDK5,CDK6,CDK7,CDK8,CDK9,CDKL2,CHD4,CHEK1,CHEK2,CIT,CLK2,CLK3,CSF1R,CSNK1A1L,CSNK1D,CSNK1E,CSNK1G3,CSNK2A1,DAPK1,DCK,DDR1,DDR2,DDX3X,DDX42,DDX6,DMPK,DSTYK,DYRK2,EGFR,EIF2AK1,EIF2AK4,EPHA2,EPHA3,EPHA4,EPHA5,EPHA6,EPHA7,EPHB1,EPHB6,ERBB2,ERBB3,ERBB4,ERCC2,FES,FGFR1,FGFR2,FGFR3,FGFR4,FLT1,FLT3,FLT4,GSK3B,HIPK2,IGF1R,IKBKE,INSR,INSRR,IRAK1,IRAK4,ITK,JAK1,JAK2,JAK3,KDR,KIT,LATS1,LATS2,LCK,LRRK2,LYN,MAP2K1,MAP2K2,MAP2K4,MAP2K7,MAP3K1,MAP3K13,MAP3K2,MAP3K3,MAP3K4,MAP3K5,MAP3K7,MAP4K3,MAP4K4,MAPK1,MAPK10,MAPK14,MAPK15,MAPK3,MAPK8,MAPK9,MAPKAPK5,MARK3,MARK4,MAST1,MATK,MCM4,MET,MTOR,MYO3B,NAT10,NEK2,NEK4,NEK6,NEK7,NLK,NTRK1,NTRK2,NTRK3,PAK1,PAK3,PAK4,PDGFRA,PDGFRB,PDPK1,PEBP1,PIK3C2B,PIK3C2G,PIK3CA,PIK3CB,PIK3CD,PIK3CG,PIM1,PIM2,PIM3,PIP4K2B,PIP5K1A,PKMYT1,PLK1,PLK4,PRKAA1,PRKAA2,PRKAG2,PRKAR2A,PRKCD,PRKCI,PRKCQ,PRKD1,PRKD2,PTK2B,PTK6,RAF1,RAN,RET,RIOK3,RIPK1,ROCK1,ROCK2,ROS1,RPS6KA1,RPS6KA3,RPS6KA4,RPS6KA5,RPS6KA6,RPS6KB1,SGK3,SMC1A,SMC2,SRC,SRPK2,STK11,STK16,STK3,STK4,STRADA,SYK,TAOK1,TAOK2,TAOK3,TGFBR1,TGFBR2,TLK1,TLK2,TNIK,TOP2A,TOP2B,TTK,TYK2,TYRO3,WEE1,YES1",CHEMBL
SN38,TOP1i,"ABCG2,HDAC1,HDAC2,HDAC7,HDAC8,TOP1",CHEMBL
Sorafenib,VEGFRi,"ABCB11,ABL1,ABL2,ACAD10,ACTR2,ACTR3,ACVR1B,ACVR2A,ACVR2B,ACVRL1,AKT1,AKT2,AKT3,ALK,ARAF,ATAD5,ATR,AURKA,AURKB,AXL,BCR,BMP2K,BMPR1A,BMPR1B,BRAF,BRSK2,CAMK2A,CAMK2G,CAMKK1,CASK,CCNA1,CCNA2,CCNC,CCND1,CDC7,CDK1,CDK12,CDK2,CDK4,CDK5,CDK6,CDK7,CDK8,CDK9,CDKL2,CHD4,CHEK1,CHEK2,CIT,CLK2,CLK3,CSF1R,CSNK1A1L,CSNK1D,CSNK1E,CSNK1G3,CSNK2A1,DAPK1,DCK,DDR1,DDR2,DDX3X,DDX6,DLK1,DMPK,DSTYK,DYRK2,EGFR,EIF2AK1,EIF2AK4,EPHA2,EPHA3,EPHA4,EPHA5,EPHA6,EPHA7,EPHB1,EPHB6,ERBB2,ERBB3,ERBB4,ERCC2,FES,FGFR1,FGFR2,FGFR3,FGFR4,FLG,FLT1,FLT3,FLT4,GNAS,GSK3B,HDAC1,HDAC8,HIPK2,IDH1,IGF1R,IKBKE,INSR,INSRR,IRAK1,IRAK4,ITK,JAK1,JAK2,JAK3,KDM4A,KDR,KIT,KMT2A,LATS1,LATS2,LCK,LRRK2,LYN,MAP2K1,MAP2K2,MAP2K4,MAP2K7,MAP3K1,MAP3K13,MAP3K2,MAP3K3,MAP3K4,MAP3K5,MAP3K7,MAP4K3,MAP4K4,MAPK1,MAPK10,MAPK14,MAPK15,MAPK3,MAPK8,MAPK9,MAPKAPK5,MARK3,MARK4,MAST1,MATK,MCM4,MEN1,MET,MTOR,MYO3B,NAT10,NEK2,NEK4,NEK6,NEK7,NFE2L2,NLK,NTRK1,NTRK2,NTRK3,PAK1,PAK3,PAK4,PAX8,PBK,PDGFRA,PDGFRB,PDPK1,PIK3C2B,PIK3C2G,PIK3CA,PIK3CB,PIK3CD,PIK3CG,PIM1,PIM2,PIM3,PIP4K2B,PIP5K1A,PKMYT1,PLK1,PLK4,POLI,PRKAA1,PRKAA2,PRKAG2,PRKAR2A,PRKCD,PRKCG,PRKCI,PRKCQ,PRKCZ,PRKD1,PRKD2,PRKDC,PTK2B,PTK6,PTPN6,RAF1,RAN,RET,RIOK3,RIPK1,ROCK1,ROCK2,ROS1,RPS6KA1,RPS6KA3,RPS6KA4,RPS6KA5,RPS6KA6,RPS6KB1,SGK1,SGK2,SGK3,SMAD3,SMC1A,SMC2,SNCA,SRC,SRPK2,STK11,STK16,STK3,STK4,STRADA,SYK,TAOK1,TAOK2,TAOK3,TDP1,TGFBR1,TGFBR2,TLK1,TLK2,TNIK,TNKS2,TOP2A,TOP2B,TTK,TYK2,TYRO3,USP1,WEE1,YES1",CHEMBL
Sunitinib,RTKi,"ABCB11,ABL1,ABL2,ACTR2,ACTR3,ACVR1B,ACVR2A,ACVR2B,ACVRL1,AKT1,AKT2,AKT3,ALK,APH1A,APH1B,ARAF,ATR,AURKA,AURKB,AXL,BCR,BMP2K,BMPR1A,BMPR1B,BRAF,BRD7,BRD9,BRSK2,CAMK2A,CAMK2G,CAMKK1,CASK,CDC7,CDK1,CDK12,CDK2,CDK4,CDK5,CDK6,CDK7,CDK8,CDK9,CDKL2,CHD4,CHEK1,CHEK2,CIT,CLK2,CLK3,CSF1R,CSNK1A1L,CSNK1D,CSNK1E,CSNK1G3,CSNK2A1,DAPK1,DCK,DDR1,DDR2,DDX3X,DDX42,DDX6,DLK1,DMPK,DSTYK,DYRK2,EGFR,EIF2AK1,EIF2AK4,EPHA2,EPHA3,EPHA4,EPHA5,EPHA6,EPHA7,EPHB1,EPHB6,ERBB2,ERBB3,ERBB4,ERCC2,FES,FGFR1,FGFR2,FGFR3,FGFR4,FLG,FLT1,FLT3,FLT4,GSK3B,HIPK2,IGF1R,IKBKE,INSR,INSRR,IRAK1,IRAK4,ITK,JAK1,JAK2,JAK3,KDR,KIT,KMT2A,LATS1,LATS2,LCK,LMNA,LRRK2,LYN,MAP2K1,MAP2K2,MAP2K4,MAP2K7,MAP3K1,MAP3K13,MAP3K2,MAP3K3,MAP3K4,MAP3K5,MAP3K7,MAP4K3,MAP4K4,MAPK1,MAPK10,MAPK14,MAPK15,MAPK3,MAPK8,MAPK9,MAPKAPK5,MARK3,MARK4,MAST1,MATK,MCM4,MEN1,MET,MST1,MTOR,MYO3B,MYT1,NAT10,NCSTN,NEK2,NEK4,NEK6,NEK7,NLK,NOS3,NR2C2,NTRK1,NTRK2,NTRK3,PAK1,PAK3,PAK4,PBK,PDGFB,PDGFC,PDGFD,PDGFRA,PDGFRB,PDK1,PDPK1,PEBP1,PIK3C2B,PIK3C2G,PIK3CA,PIK3CB,PIK3CD,PIK3CG,PIM1,PIM2,PIM3,PIP4K2B,PIP5K1A,PKMYT1,PLK1,PLK4,POLK,PRKAA1,PRKAA2,PRKAB1,PRKAG2,PRKAR2A,PRKCD,PRKCG,PRKCI,PRKCQ,PRKCZ,PRKD1,PRKD2,PRKDC,PSEN1,PSEN2,PSENEN,PTK2B,PTK6,RAF1,RAN,RET,RIOK3,RIPK1,ROCK1,ROCK2,ROS1,RPS6KA1,RPS6KA3,RPS6KA4,RPS6KA5,RPS6KA6,RPS6KB1,SGK1,SGK2,SGK3,SIRT1,SMC1A,SMC2,SRC,SRPK2,STK11,STK16,STK3,STK4,STRADA,SYK,TAOK1,TAOK2,TAOK3,TGFBR1,TGFBR2,TLK1,TLK2,TNIK,TNKS2,TOP2A,TOP2B,TTK,TYK2,TYRO3,USP1,VRK1,WEE1,YES1",CHEMBL
THZ1,CDKi,"CCNH,CDK1,CDK12,CDK2,CDK20,CDK4,CDK5,CDK6,CDK7,CDK8,CDK9,MNAT1",CHEMBL
Temozolomide,Cytostatic_Intercalator,"ABCB1,ABCB11,ABL1,ABL2,KMT2A,MBNL1,MEN1,PABPC1,POLK",CHEMBL
Thiotepa,Cytostatic_Intercalator,"ABCB11,CYP2B6,LMNA,PLK1,POLI,TDP1,VDR",CHEMBL
Topotecan,TOP1i,"ABCB1,ABCG2,ADORA2A,AGTR2,AKT1,BDKRB2,BRCA1,CASP7,CYP2D6,EGFR,ELANE,EPAS1,ERBB2,ESR1,ESR2,FLT1,HIF1A,HMGCR,IDH1,KAT2A,KEAP1,KMT2A,LCK,LMNA,MAPK1,MAPK14,MAPK3,MEN1,NFE2L2,OPRK1,PAX8,PLK1,POLI,PTPRC,RAPGEF3,SMAD3,TDP1,TOP1,TOP2A,TOP2B,USP1",CHEMBL
Ulixertinib,ERKi,"ABL1,ABL2,ACAD10,ACTR2,ACTR3,ACVR1B,ACVR2B,AKT1,AKT2,AKT3,ARAF,AURKA,AURKB,BCR,BMP2K,BMPR1A,BMPR1B,BRAF,CAMK2G,CDC7,CDK1,CDK12,CDK2,CDK4,CDK5,CDK6,CDK7,CDK9,CHD4,CHEK1,CIT,CSNK1D,CSNK1E,CSNK1G3,DCK,DDR1,DDR2,DDX3X,DDX42,DDX6,EGFR,EIF2AK1,EPHA2,EPHA4,EPHA5,EPHB6,ERCC2,FES,FGFR1,FLT3,GSK3B,IGF1R,IKBKE,INSR,IRAK1,IRAK4,JAK1,LATS1,LCK,LYN,MAP2K1,MAP2K2,MAP2K4,MAP3K1,MAP3K2,MAP3K3,MAP3K4,MAP3K5,MAP4K3,MAP4K4,MAPK1,MAPK10,MAPK14,MAPK15,MAPK3,MAPK8,MAPK9,MAPKAPK5,MARK3,MCM4,MET,NAT10,NEK2,NEK7,NLK,NTRK1,PAK4,PDGFRB,PIM1,PKMYT1,PLK1,PLK4,PRKAA1,PRKAG2,PRKAR2A,PRKCD,PRKCI,PRKCQ,PRKD2,PTK2B,PTK6,RAN,RET,ROCK1,ROCK2,RPS6KA1,RPS6KA3,RPS6KA4,RPS6KA5,RPS6KA6,RPS6KB1,SMC1A,SMC2,SRC,STK11,STK16,STK3,STK4,STRADA,SYK,TAOK1,TAOK2,TAOK3,TGFBR1,TGFBR2,TNIK,TOP2A,TOP2B,TYK2,WEE1,YES1",CHEMBL
VX400_M1774,ATRi,ATR,CHEMBL
VX680_Tozasertib,Aurorai,"ABL1,ABL2,ACAD10,ACTR2,ACTR3,ACVR1B,ACVR2A,ACVR2B,ACVRL1,AKT1,AKT2,AKT3,ALK,ARAF,AURKA,AURKB,AXL,BCR,BMP2K,BMPR1A,BMPR1B,BRAF,BRSK2,CAMK2A,CAMK2G,CAMKK1,CASK,CCNA1,CCNA2,CCNB1,CDC7,CDK1,CDK12,CDK2,CDK4,CDK5,CDK6,CDK7,CDK8,CDK9,CDKL2,CHD4,CHEK1,CHEK2,CIT,CLK2,CLK3,CSF1R,CSNK1A1L,CSNK1D,CSNK1E,CSNK1G3,CSNK2A1,DAPK1,DCK,DDR1,DDR2,DDX3X,DDX42,DDX6,DLK1,DMPK,DSTYK,DYRK2,EGFR,EIF2AK1,EIF2AK4,EPHA2,EPHA3,EPHA4,EPHA5,EPHA6,EPHA7,EPHB1,EPHB6,ERBB2,ERBB3,ERBB4,ERCC2,FES,FGFR1,FGFR2,FGFR3,FGFR4,FLG,FLT1,FLT3,FLT4,GSK3B,HIPK2,IGF1R,IKBKE,INSR,INSRR,IRAK1,IRAK4,ITK,JAK1,JAK2,JAK3,KDM4A,KDR,KIT,LATS1,LATS2,LCK,LRRK2,LYN,MAP2K1,MAP2K2,MAP2K4,MAP2K7,MAP3K1,MAP3K13,MAP3K2,MAP3K3,MAP3K4,MAP3K5,MAP3K7,MAP4K3,MAP4K4,MAPK1,MAPK10,MAPK14,MAPK15,MAPK3,MAPK8,MAPK9,MAPKAPK5,MARK3,MARK4,MAST1,MATK,MCM4,MET,MST1,MTOR,MYO3B,NAT10,NEK2,NEK4,NEK6,NEK7,NFE2L2,NLK,NTRK1,NTRK2,NTRK3,PAK1,PAK3,PAK4,PBK,PDGFRA,PDGFRB,PDK1,PDPK1,PEBP1,PIK3C2B,PIK3C2G,PIK3CA,PIK3CB,PIK3CD,PIK3CG,PIM1,PIM2,PIM3,PIP4K2B,PIP5K1A,PKMYT1,PLK1,PLK4,PRKAA1,PRKAA2,PRKAG2,PRKAR2A,PRKCD,PRKCG,PRKCI,PRKCQ,PRKCZ,PRKD1,PRKD2,PTK2B,PTK6,RAF1,RAN,RAPGEF3,RET,RIOK3,RIPK1,ROCK1,ROCK2,ROS1,RPS6KA1,RPS6KA3,RPS6KA4,RPS6KA5,RPS6KA6,RPS6KB1,SGK1,SGK2,SGK3,SMAD3,SMC1A,SMC2,SRC,SRPK2,STK11,STK16,STK3,STK4,STRADA,SUFU,SYK,TAOK1,TAOK2,TAOK3,TGFBR1,TGFBR2,TLK1,TLK2,TNIK,TOP2A,TOP2B,TTK,TYK2,TYRO3,WEE1,YES1",CHEMBL
VX803_M4344,ATRi,ATR,CHEMBL
VX970_Berzosertib_M6620,ATRi,"ABL1,ATM,ATR,DYRK2,FLT3,FLT4,GSK3B,JAK2,KIT,MTOR,PIK3CA,PIK3CG,PIK3R1,PRKDC,SYK",CHEMBL
Vatalanib,VEGFRi,"ABCB11,ABL1,ABL2,ACAD10,ACTR2,ACTR3,ACVR1B,ACVR2A,ACVR2B,ACVRL1,AKT1,AKT2,AKT3,ALK,ARAF,AURKA,AURKB,AXL,BCR,BMP2K,BMPR1A,BMPR1B,BRAF,BRSK2,CAMK2A,CAMK2G,CAMKK1,CASK,CDC7,CDK1,CDK12,CDK2,CDK4,CDK5,CDK6,CDK7,CDK8,CDK9,CDKL2,CHD4,CHEK1,CHEK2,CIT,CLK2,CLK3,CSF1R,CSNK1A1L,CSNK1D,CSNK1E,CSNK1G3,CSNK2A1,DAPK1,DCK,DDR1,DDR2,DDX3X,DDX42,DDX6,DMPK,DSTYK,DYRK2,EGFR,EIF2AK1,EIF2AK4,EPHA2,EPHA3,EPHA4,EPHA5,EPHA6,EPHA7,EPHB1,EPHB6,ERBB2,ERBB3,ERBB4,ERCC2,FES,FGFR1,FGFR2,FGFR3,FGFR4,FLT1,FLT3,FLT4,GSK3B,HIPK2,IGF1R,IKBKE,INSR,INSRR,IRAK1,IRAK4,ITK,JAK1,JAK2,JAK3,KDR,KIT,LATS1,LATS2,LCK,LRRK2,LYN,MAP2K1,MAP2K2,MAP2K4,MAP2K7,MAP3K1,MAP3K13,MAP3K2,MAP3K3,MAP3K4,MAP3K5,MAP3K7,MAP4K3,MAP4K4,MAPK1,MAPK10,MAPK14,MAPK15,MAPK3,MAPK8,MAPK9,MAPKAPK5,MARK3,MARK4,MAST1,MATK,MCM4,MET,MTOR,MYO3B,MYT1,NAT10,NEK2,NEK4,NEK6,NEK7,NLK,NTRK1,NTRK2,NTRK3,PAK1,PAK3,PAK4,PBK,PDGFRA,PDGFRB,PDPK1,PIK3C2B,PIK3C2G,PIK3CA,PIK3CB,PIK3CD,PIK3CG,PIM1,PIM2,PIM3,PIP4K2B,PIP5K1A,PKMYT1,PLK1,PLK4,PRKAA1,PRKAA2,PRKAG2,PRKAR2A,PRKCD,PRKCG,PRKCI,PRKCQ,PRKCZ,PRKD1,PRKD2,PTK2B,PTK6,RAF1,RAN,RET,RIOK3,RIPK1,ROCK1,ROCK2,ROS1,RPS6KA1,RPS6KA3,RPS6KA4,RPS6KA5,RPS6KA6,RPS6KB1,SGK2,SGK3,SMC1A,SMC2,SRC,SRPK2,STK11,STK16,STK3,STK4,STRADA,SYK,TAOK1,TAOK2,TAOK3,TDP1,TGFBR1,TGFBR2,TLK1,TLK2,TNIK,TOP2A,TOP2B,TTK,TYK2,TYRO3,VRK1,WEE1,YES1",CHEMBL
Vemurafenib,BRAFi,"ABL1,ABL2,ACAD10,ACTR2,ACTR3,ACVR1B,ACVR2B,AKT1,AKT2,AKT3,ARAF,ATR,AURKA,AURKB,BCR,BMP2K,BMPR1A,BMPR1B,BRAF,CAMK2G,CDK1,CDK12,CDK2,CDK4,CDK5,CDK6,CDK7,CDK9,CHD4,CHEK1,CIT,CLK2,CSNK1D,CSNK1E,CSNK1G3,DCK,DDR1,DDR2,DDX3X,DDX42,DDX6,EGFR,EIF2AK1,EPHA2,EPHA4,EPHA5,EPHB6,ERCC2,FES,FGFR1,FLT3,GSK3B,IGF1R,IKBKE,INSR,IRAK1,IRAK4,JAK1,JAK2,KDR,KRAS,LATS1,LCK,LYN,MAP2K1,MAP2K2,MAP2K4,MAP3K1,MAP3K2,MAP3K3,MAP3K4,MAP3K5,MAP4K3,MAP4K4,MAPK1,MAPK10,MAPK14,MAPK15,MAPK3,MAPK8,MAPK9,MAPKAPK5,MARK3,MARK4,MCM4,MET,NAT10,NEK2,NEK7,NLK,NTRK1,PAK4,PDGFRB,PEBP1,PIM1,PIM2,PKMYT1,PLK1,PLK4,PRKAA1,PRKAG2,PRKAR2A,PRKCD,PRKCI,PRKCQ,PRKD2,PTK2B,PTK6,RAF1,RAN,RET,ROCK1,ROCK2,RPS6KA1,RPS6KA3,RPS6KA4,RPS6KA5,RPS6KA6,RPS6KB1,SMC1A,SMC2,SRC,STK11,STK16,STK3,STK4,STRADA,SYK,TAOK1,TAOK2,TAOK3,TGFBR1,TGFBR2,TNIK,TOP2A,TOP2B,TYK2,WEE1,YES1",CHEMBL
Vincristine,Cytostatic_Tubulini,"ABCB1,ABCB11,ADORA2A,AGTR2,ATAD5,BDKRB2,CYP2D6,EGFR,ELANE,ERBB2,ESR1,ESR2,FLT1,HIF1A,HMGCR,IDH1,KAT2A,LCK,LMNA,MAPK1,MAPK14,MAPK3,NFE2L2,OPRK1,PTPRC,SMAD3,TDP1,TUBA1A,TUBA4A,TUBB4B",CHEMBL
XL184_Cabozantinib,METi,"ABL1,ABL2,ACAD10,ACTR2,ACTR3,ACVR1B,ACVR2B,AKT1,AKT2,AKT3,ALK,ARAF,AURKA,AURKB,AXL,BCR,BMP2K,BMPR1A,BMPR1B,BRAF,CAMK2G,CCDC6,CDC7,CDK1,CDK12,CDK2,CDK4,CDK5,CDK6,CDK7,CDK9,CHD4,CHEK1,CIT,CLK2,CLK3,CSNK1D,CSNK1E,CSNK1G3,DCK,DDR1,DDR2,DDX3X,DDX42,DDX6,EGFR,EIF2AK1,EPHA2,EPHA4,EPHA5,EPHA7,EPHB6,ERCC2,FES,FGFR1,FLT1,FLT3,FLT4,GSK3B,IGF1R,IKBKE,INSR,IRAK1,IRAK4,JAK1,JAK2,KDR,KIF5B,KIT,LATS1,LCK,LYN,MAP2K1,MAP2K2,MAP3K1,MAP3K2,MAP3K3,MAP3K4,MAP3K5,MAP4K3,MAP4K4,MAPK1,MAPK10,MAPK14,MAPK15,MAPK3,MAPK8,MAPK9,MAPKAPK5,MARK3,MARK4,MCM4,MET,NAT10,NEK2,NEK7,NLK,NTRK1,NTRK2,PAK4,PDGFRA,PDGFRB,PEBP1,PIM1,PKMYT1,PLK1,PLK4,PRKAA1,PRKAG2,PRKAR2A,PRKCD,PRKCI,PRKCQ,PRKCZ,PRKD2,PTK2B,PTK6,RAN,RET,ROCK1,ROCK2,ROS1,RPS6KA1,RPS6KA3,RPS6KA4,RPS6KA5,RPS6KA6,RPS6KB1,SMC1A,SMC2,SRC,STK11,STK16,STK3,STK4,STRADA,SYK,TAOK1,TAOK2,TAOK3,TGFBR1,TGFBR2,TNIK,TOP2B,TTK,TYK2,TYRO3,WEE1,YES1",CHEMBL
